"","project"
"1","Luftdaten-DE"
"2","Hackair"
"3","Smart Emission"
"4","Hilversum"
"5","Vuurwerk"
"6","Boeren en Buren"
"7","SLA pilot Utrecht"
"8","Luftdaten"
"9","Palmes Boeren en Buren"
"10","Rotterdam/Schiedam"
"11","Venlo"
"12","Globe"
"13","Nationaal Smart City Living Lab"
"14","EBoel"
"15","Hollandse Luchten"
"16","Zwolle"
"17","NB-IoT"
"18","Greencapital"
"19","Onderzoek"
"20","Luftdaten-BE"
"21","Apeldoorn"
"22","Utrecht"
"23","Zuid-Holland"
"24","Tolakker"
"25","mediamile"
"26","RDW"
"27","Amersfoort"
"28","Scapeler"
"29","Utrecht Science Park"
"30","Hart van Alkmaar"
"31","Sustainder"
"32","geen"
"33","Palmes"
"34","Palmes Rijnmond"
"35","Duurzaamste Kilometer"
